Date,Weighted_Average_Score
2006-12-01,3.3173385799999995
2006-12-04,2.77867984
2006-12-06,2.4273067399999997
2006-12-07,1.9469005799999999
2006-12-08,1.77813315
2006-12-11,2.38003288
2006-12-13,2.4271335699999996
2006-12-14,2.95467149
2006-12-15,2.28721685
2006-12-18,1.61059254
2006-12-19,3.1764146399999995
2006-12-20,3.12783904
2006-12-22,1.94385429
2006-12-26,2.06117424
2006-12-27,1.92007707
2006-12-28,1.92007707
2006-12-29,1.79067577
2007-01-03,1.77049834
2007-01-04,2.01097325
2007-01-05,3.28944863
2007-01-08,2.4861347499999997
2007-01-09,2.42588381
2007-01-10,2.15094372
2007-01-11,2.52588603
2007-01-12,3.09867256
2007-01-16,2.54786732
2007-01-17,1.6736377000000002
2007-01-18,1.79695313
2007-01-19,2.39983221
2007-01-22,2.7122612900000003
2007-01-23,1.9770294099999997
2007-01-24,2.2919683199999996
2007-01-25,2.73903669
2007-01-26,2.01767527
2007-01-29,1.58707257
2007-01-30,2.7951598700000004
2007-01-31,2.85811212
2007-02-01,2.88344353
2007-02-02,3.28159552
2007-02-05,2.95489197
2007-02-07,2.22957678
2007-02-08,2.01017754
2007-02-09,1.5735941500000001
2007-02-12,1.67114687
2007-02-14,2.83344883
2007-02-15,2.77352055
2007-02-16,2.65787633
2007-02-20,2.79338132
2007-02-21,2.1146611999999996
2007-02-22,1.9419243599999998
2007-02-23,2.45833535
2007-02-26,3.56450712
2007-02-27,2.1652090800000003
2007-03-01,1.5439117399999998
2007-03-02,2.03590006
2007-03-05,3.1042854
2007-03-06,3.5086432299999997
2007-03-08,3.26101845
2007-03-09,3.79613768
2007-03-12,3.51939404
2007-03-13,3.31353643
2007-03-14,3.37251074
2007-03-15,2.5986950199999996
2007-03-16,2.3977196800000002
2007-03-19,2.8455433599999997
2007-03-20,2.6633504
2007-03-21,3.7618201
2007-03-22,3.44733075
2007-03-23,3.4761144699999997
2007-03-26,1.7772656700000002
2007-03-27,2.93782674
2007-03-29,2.62118075
2007-03-30,3.49353246
2007-04-02,1.73532161
2007-04-04,2.52326218
2007-04-09,3.5029994
2007-04-10,2.38224985
2007-04-11,3.48990456
2007-04-12,1.5658549999999998
2007-04-13,1.3702265
2007-04-16,3.37119902
2007-04-17,2.26350795
2007-04-18,2.26296505
2007-04-19,2.3432888099999998
2007-04-20,3.0500050599999997
2007-04-23,1.99326364
2007-04-24,2.0081914299999997
2007-04-25,1.9188917
2007-04-26,2.4544358199999996
2007-04-27,2.90031551
2007-04-30,2.6770225200000004
2007-05-01,2.01658571
2007-05-02,3.10010531
2007-05-03,3.70709835
2007-05-04,3.01150754
2007-05-07,2.34940187
2007-05-08,2.73055053
2007-05-09,2.7945870899999994
2007-05-10,2.29686303
2007-05-11,3.1655815400000002
2007-05-14,1.6167290100000002
2007-05-15,3.8176036
2007-05-16,3.2652679300000003
2007-05-17,2.35766036
2007-05-18,1.9087649800000002
2007-05-21,2.9353478500000003
2007-05-22,2.27575977
2007-05-23,2.78256239
2007-05-24,2.34383526
2007-05-25,2.66043482
2007-05-29,2.8360116399999997
2007-05-30,2.24861051
2007-05-31,2.945869
2007-06-04,2.57474741
2007-06-05,2.7116870399999997
2007-06-06,2.65385307
2007-06-07,2.4039514200000003
2007-06-08,2.2432374599999996
2007-06-12,2.56588717
2007-06-13,2.7567261199999997
2007-06-14,3.20808198
2007-06-15,3.4766761500000003
2007-06-18,3.12351981
2007-06-19,1.92323406
2007-06-21,2.96429608
2007-06-22,2.48453765
2007-06-25,3.3136370800000003
2007-06-26,3.1959933400000002
2007-06-27,2.99604101
2007-06-29,1.8755026400000003
2007-07-02,1.96942122
2007-07-03,2.95272778
2007-07-05,2.27736516
2007-07-06,1.9966099499999999
2007-07-09,2.6261794299999996
2007-07-10,2.13447484
2007-07-11,3.3769685
2007-07-12,2.62917328
2007-07-13,1.9549468200000002
2007-07-16,2.18866281
2007-07-17,2.7282823
2007-07-18,2.1135963400000004
2007-07-19,2.9413855700000004
2007-07-20,2.17112485
2007-07-23,1.7199413700000001
2007-07-24,2.0567382000000003
2007-07-26,2.54906897
2007-07-27,2.8864056700000003
2007-07-30,1.822114
2007-07-31,3.1643719899999994
2007-08-01,1.7254419
2007-08-02,2.0901495199999998
2007-08-03,2.7055664000000004
2007-08-06,2.29176619
2007-08-08,2.16847075
2007-08-09,3.15137156
2007-08-10,2.75491971
2007-08-13,3.27641732
2007-08-14,2.6575459
2007-08-15,3.17898826
2007-08-16,3.36238674
2007-08-17,2.7988236
2007-08-20,2.7128995400000004
2007-08-21,2.07575787
2007-08-22,1.61047435
2007-08-23,2.2096623199999996
2007-08-24,2.12090697
2007-08-27,2.2477669000000002
2007-08-28,2.24365596
2007-08-30,3.53133989
2007-08-31,1.60052977
2007-09-04,1.61171916
2007-09-05,2.67553877
2007-09-06,1.6581369000000001
2007-09-07,1.80124744
2007-09-10,1.8372021299999999
2007-09-11,2.2799358
2007-09-12,2.3264454499999996
2007-09-13,2.5475135
2007-09-14,1.9389395400000002
2007-09-17,2.6947950600000006
2007-09-18,2.53686519
2007-09-19,2.4342305
2007-09-20,3.33291002
2007-09-21,1.72921714
2007-09-24,1.74922604
2007-09-25,1.4394083299999998
2007-09-26,1.4598119599999997
2007-09-27,2.32996846
2007-09-28,3.1009797999999997
2007-10-01,3.22074141
2007-10-02,3.4640171100000003
2007-10-03,3.0868499
2007-10-04,3.0316474
2007-10-05,3.3420997000000003
2007-10-08,2.4318813199999996
2007-10-09,2.32524428
2007-10-11,2.76827178
2007-10-12,2.84105861
2007-10-15,2.2290066
2007-10-16,2.6627940699999995
2007-10-17,1.9801970400000002
2007-10-18,2.1387013599999998
2007-10-19,2.0576486000000003
2007-10-23,3.187583
2007-10-24,2.98212589
2007-10-25,3.1687575199999998
2007-10-26,1.6668755299999998
2007-10-29,2.5478139499999997
2007-10-30,3.45389151
2007-10-31,2.85012531
2007-11-01,3.4926106
2007-11-02,2.93569889
2007-11-05,3.50259518
2007-11-06,2.23318352
2007-11-07,2.80168603
2007-11-08,2.45404564
2007-11-09,1.52782557
2007-11-12,2.01263383
2007-11-13,1.83931562
2007-11-14,2.5522815899999998
2007-11-15,3.6119524700000003
2007-11-16,3.22275511
2007-11-19,2.07296778
2007-11-20,2.47342231
2007-11-21,1.8337114300000001
2007-11-23,2.89519197
2007-11-26,3.4326686200000003
2007-11-27,4.15435625
2007-11-28,4.434789009999999
2007-11-29,3.85508373
2007-11-30,3.7235993
2007-12-03,2.17254086
2007-12-04,3.134624
2007-12-05,3.41604471
2007-12-06,3.2561126700000003
2007-12-10,1.9646265
2007-12-11,2.91756525
2007-12-12,2.13710641
2007-12-14,3.45714639
2007-12-17,2.51224703
2007-12-18,2.16016439
2007-12-19,3.63469353
2007-12-20,1.45301807
2007-12-21,1.3837201
2007-12-26,2.8788706399999997
2007-12-27,2.4710405399999997
2007-12-28,2.1702853600000003
2007-12-31,2.23446957
2008-01-03,3.8324383099999997
2008-01-04,2.06394887
2008-01-07,2.70523674
2008-01-08,2.7278290899999997
2008-01-09,2.8674838699999996
2008-01-10,2.41372538
2008-01-11,2.87992112
2008-01-15,3.3464158299999998
2008-01-16,3.73161542
2008-01-17,2.13743304
2008-01-18,2.42163915
2008-01-22,2.16269368
2008-01-23,2.08521741
2008-01-24,2.49027098
2008-01-25,3.5852795099999994
2008-01-28,3.3508367900000007
2008-01-29,3.02447876
2008-01-30,2.5469362700000002
2008-02-01,2.73028667
2008-02-04,2.49653611
2008-02-05,3.2195629599999998
2008-02-06,2.48256325
2008-02-07,3.2122006499999998
2008-02-08,3.016177
2008-02-12,3.38855893
2008-02-13,2.69670226
2008-02-14,2.6875952499999993
2008-02-15,2.5748457399999998
2008-02-19,2.0095550600000003
2008-02-20,2.5824848800000004
2008-02-21,2.1559776100000003
2008-02-22,2.88672111
2008-02-25,1.99433689
2008-02-26,3.46815613
2008-02-27,3.82718138
2008-02-28,3.45966287
2008-02-29,2.3611482500000003
2008-03-03,2.35129964
2008-03-04,3.7501309099999998
2008-03-05,2.20036853
2008-03-06,2.72343667
2008-03-07,2.6747000399999994
2008-03-11,3.95372111
2008-03-12,3.8041475800000004
2008-03-13,2.6682833199999996
2008-03-17,2.24331389
2008-03-18,3.4312607
2008-03-19,3.8078317000000004
2008-03-20,3.44204592
2008-03-24,2.70139721
2008-03-25,3.0085206400000004
2008-03-26,2.70759558
2008-03-28,2.29414891
2008-03-31,3.37349358
2008-04-01,3.55158515
2008-04-02,1.7426755200000001
2008-04-03,3.26911897
2008-04-04,3.13790332
2008-04-07,2.5633244
2008-04-08,2.21784755
2008-04-09,2.89933636
2008-04-10,3.68531804
2008-04-11,3.02169088
2008-04-14,2.8705555900000004
2008-04-15,4.14198561
2008-04-16,3.0074445400000003
2008-04-17,2.3956467900000002
2008-04-18,2.7237764500000003
2008-04-21,2.52394591
2008-04-22,1.81397294
2008-04-23,2.26126671
2008-04-24,2.108977
2008-04-25,3.0235551999999997
2008-04-28,1.96878703
2008-04-30,2.98753636
2008-05-01,1.6876113900000003
2008-05-02,3.0522690499999996
2008-05-05,2.72545876
2008-05-06,2.65482936
2008-05-07,2.24412139
2008-05-08,2.76222968
2008-05-09,2.6789887300000004
2008-05-12,2.77170042
2008-05-13,3.0554945200000003
2008-05-14,2.88501193
2008-05-15,3.31418114
2008-05-16,3.6326674600000004
2008-05-19,2.72773008
2008-05-20,2.95688996
2008-05-22,3.02908671
2008-05-23,2.61820352
2008-05-27,2.3738101400000002
2008-05-28,2.48931906
2008-05-30,2.13062659
2008-06-02,2.0239712400000003
2008-06-03,2.58658624
2008-06-04,3.26497314
2008-06-05,2.62019779
2008-06-06,2.13031773
2008-06-10,2.62495001
2008-06-11,2.69296973
2008-06-12,2.63286324
2008-06-13,2.35631453
2008-06-16,3.2143076300000004
2008-06-17,2.7202234699999996
2008-06-18,3.30368571
2008-06-19,3.6963739
2008-06-20,2.8295277199999997
2008-06-23,2.9897036
2008-06-24,2.0204716200000004
2008-06-25,2.83269851
2008-06-26,2.8726384000000005
2008-06-30,2.40009061
2008-07-01,2.4116067699999997
2008-07-02,3.16037204
2008-07-03,2.7023583799999997
2008-07-07,3.25346343
2008-07-09,3.56074354
2008-07-10,2.4816902899999995
2008-07-11,2.5847036400000003
2008-07-14,3.26564697
2008-07-15,3.00757136
2008-07-16,1.73246053
2008-07-17,2.80149822
2008-07-18,2.30125122
2008-07-21,2.2860320699999996
2008-07-22,2.22800217
2008-07-23,2.4984894200000003
2008-07-24,2.3071238000000003
2008-07-25,2.41313727
2008-07-28,2.22124392
2008-07-29,1.97962202
2008-07-30,2.6133291400000003
2008-07-31,2.34868767
2008-08-04,2.53772002
2008-08-05,2.84133292
2008-08-06,2.69984537
2008-08-07,2.55859757
2008-08-08,2.61390206
2008-08-11,2.7822820100000003
2008-08-12,2.01070149
2008-08-14,2.2002998600000003
2008-08-15,2.4581895400000002
2008-08-18,2.09311644
2008-08-19,3.1982777
2008-08-20,2.9681319100000003
2008-08-21,3.10710218
2008-08-22,1.4235838600000001
2008-08-25,2.8577781599999996
2008-08-27,2.4932991500000004
2008-08-28,1.99656169
2008-08-29,2.1571719000000003
2008-09-02,2.47878099
2008-09-03,2.4509792
2008-09-04,2.45516114
2008-09-05,2.12794343
2008-09-08,2.41044258
2008-09-09,3.04331177
2008-09-10,3.0950343
2008-09-11,2.16837311
2008-09-12,2.62944812
2008-09-15,2.8727164500000004
2008-09-16,2.1243624600000004
2008-09-17,3.2871069299999993
2008-09-18,3.68722593
2008-09-19,2.69144321
2008-09-22,2.6399478800000002
2008-09-24,4.0227569800000005
2008-09-25,2.92642385
2008-09-26,1.77039425
2008-09-29,2.58856069
2008-09-30,3.08053593
2008-10-01,2.29371838
2008-10-02,1.81148937
2008-10-03,1.63876289
2008-10-06,2.37750693
2008-10-08,2.5534379
2008-10-09,2.64976567
2008-10-10,3.4776745799999995
2008-10-14,2.8193072299999997
2008-10-15,3.53713634
2008-10-16,3.4420050900000003
2008-10-17,2.04537889
2008-10-21,2.8631476399999998
2008-10-22,3.46375677
2008-10-23,4.2804376600000005
2008-10-24,2.49450391
2008-10-27,2.7662848799999997
2008-10-28,2.55664394
2008-10-30,2.6349561
2008-10-31,3.7326641599999997
2008-11-04,3.39023721
2008-11-05,2.91111799
2008-11-06,2.4045568000000004
2008-11-07,1.4087387
2008-11-10,2.1006018600000003
2008-11-11,3.6370066100000003
2008-11-12,3.54330172
2008-11-13,2.78097885
2008-11-14,3.50614777
2008-11-17,2.9486260800000004
2008-11-18,4.70375865
2008-11-19,4.21317832
2008-11-20,3.0923276900000003
2008-11-21,3.43503296
2008-11-24,3.3753040199999997
2008-11-25,2.9720123099999998
2008-11-26,3.9477036099999996
2008-11-28,4.06496263
2008-12-01,3.5000961000000004
2008-12-02,3.33524646
2008-12-04,3.41380653
2008-12-05,3.66510632
2008-12-08,1.68685184
2008-12-09,3.68255267
2008-12-10,3.87609652
2008-12-11,3.8485977699999996
2008-12-12,3.7638137499999997
2008-12-16,2.74027179
2008-12-17,2.69325795
2008-12-18,2.39277374
2008-12-19,1.95404406
2008-12-22,3.3430502800000004
2008-12-23,3.1256841
2008-12-24,2.63571512
2008-12-29,2.15239807
2008-12-31,2.02562751
2009-01-02,3.57439707
2009-01-05,2.67854328
2009-01-07,2.0759623900000004
2009-01-08,3.45661367
2009-01-09,3.67861257
2009-01-12,3.4454801600000002
2009-01-13,2.5710537
2009-01-15,2.26246643
2009-01-16,2.51735716
2009-01-20,3.50512554
2009-01-21,2.6147445700000005
2009-01-22,2.32514068
2009-01-23,1.5883931100000002
2009-01-26,2.0323319499999997
2009-01-27,2.90002392
2009-01-28,2.58327187
2009-01-29,1.82597514
2009-01-30,2.59318439
2009-02-02,2.53992824
2009-02-03,1.9037554500000002
2009-02-04,3.0339163300000003
2009-02-05,3.63638566
2009-02-06,3.0755624599999996
2009-02-09,3.85935735
2009-02-10,3.4717974599999994
2009-02-11,2.90674454
2009-02-12,2.9613818600000004
2009-02-13,1.63493069
2009-02-17,2.68809937
2009-02-18,1.70344258
2009-02-19,2.0147390300000003
2009-02-20,3.3411046100000004
2009-02-23,2.48498312
2009-02-24,1.9058391900000002
2009-02-25,2.14339997
2009-02-26,2.51860681
2009-02-27,4.60994497
2009-03-02,2.9551893300000005
2009-03-03,3.32720326
2009-03-04,2.61106682
2009-03-05,2.90626494
2009-03-06,3.2230694900000003
2009-03-09,2.077732
2009-03-10,3.78317858
2009-03-11,1.95164373
2009-03-12,2.3066311400000004
2009-03-13,3.65130586
2009-03-17,2.14661898
2009-03-18,3.5273252000000004
2009-03-19,2.47233744
2009-03-20,1.7786981700000002
2009-03-23,3.0429013000000005
2009-03-24,2.6214386000000003
2009-03-25,2.35159809
2009-03-26,2.42306332
2009-03-27,2.91937006
2009-03-30,2.58171741
2009-03-31,2.44846465
2009-04-02,3.34990754
2009-04-03,2.6589672799999997
2009-04-06,3.13648638
2009-04-07,2.93457285
2009-04-08,2.28630687
2009-04-09,1.9785174099999998
2009-04-13,1.79295014
2009-04-14,3.5780959400000003
2009-04-15,2.6218737800000005
2009-04-16,2.57451788
2009-04-17,2.41670064
2009-04-20,2.32136902
2009-04-21,2.6693484300000003
2009-04-22,1.94915808
2009-04-23,2.34114225
2009-04-24,2.14340535
2009-04-27,2.1061913299999997
2009-04-28,2.3851586900000004
2009-04-29,2.61891825
2009-04-30,2.6360937
2009-05-01,2.2375986900000004
2009-05-04,1.65080555
2009-05-05,1.9143642300000003
2009-05-06,2.58871971
2009-05-07,2.24524312
2009-05-08,2.4831940699999997
2009-05-11,2.71132352
2009-05-13,1.5513952199999999
2009-05-14,1.59528364
2009-05-15,2.1142302
2009-05-18,2.64780005
2009-05-19,2.37261081
2009-05-21,3.8575504
2009-05-22,3.5999466
2009-05-26,2.56025743
2009-05-27,2.36328789
2009-05-28,2.95236126
2009-05-29,2.9616034200000003
2009-06-02,2.22350207
2009-06-03,1.8395187800000001
2009-06-04,2.47808835
2009-06-05,3.347144
2009-06-08,3.3844278699999997
2009-06-09,2.91986714
2009-06-10,3.42846596
2009-06-12,2.29361528
2009-06-15,2.49487102
2009-06-16,3.27236479
2009-06-17,3.20593781
2009-06-18,2.5871273199999996
2009-06-19,2.94689793
2009-06-22,2.67286616
2009-06-23,2.1513275800000002
2009-06-24,2.44625024
2009-06-25,2.40166457
2009-06-26,2.82129799
2009-06-29,3.3525741499999997
2009-06-30,1.7854298299999998
2009-07-02,2.3165613
2009-07-06,2.20243672
2009-07-07,2.08758175
2009-07-08,1.89011049
2009-07-10,1.9596733
2009-07-13,2.55558905
2009-07-14,2.99338958
2009-07-15,3.54292873
2009-07-16,3.5563881200000003
2009-07-17,2.6431813500000003
2009-07-20,2.73135452
2009-07-21,3.975903
2009-07-22,3.07563851
2009-07-23,2.49312936
2009-07-24,2.94116222
2009-07-27,1.7510661299999999
2009-07-28,2.2100348100000002
2009-07-29,1.4551117700000002
2009-07-30,1.88917475
2009-07-31,1.4137065000000002
2009-08-03,2.12906245
2009-08-05,3.8584641800000004
2009-08-06,2.33484889
2009-08-07,2.10314106
2009-08-10,1.6072909100000001
2009-08-11,2.4356842199999997
2009-08-12,3.1390553500000005
2009-08-13,2.89671687
2009-08-14,3.4356976
2009-08-17,3.5303774
2009-08-18,2.0936223199999997
2009-08-19,1.9778929299999999
2009-08-21,1.4557279300000001
2009-08-24,2.01406399
2009-08-25,2.19815292
2009-08-26,3.2120434899999997
2009-08-27,3.0815718
2009-08-28,3.1650256400000005
2009-09-01,2.79407477
2009-09-02,1.87215073
2009-09-03,2.8761710600000003
2009-09-04,1.94162751
2009-09-08,2.18069599
2009-09-09,3.29180618
2009-09-11,2.96050919
2009-09-14,2.8765413200000003
2009-09-16,3.50853312
2009-09-17,3.42394936
2009-09-18,2.18579014
2009-09-22,3.77778042
2009-09-23,3.03709138
2009-09-24,3.0043204500000003
2009-09-25,2.55864305
2009-09-28,2.3928065
2009-09-29,2.1559478
2009-09-30,4.16542479
2009-10-02,3.6772102899999997
2009-10-05,1.61172869
2009-10-06,1.8186364400000004
2009-10-07,3.50211701
2009-10-08,3.59475115
2009-10-09,3.00184294
2009-10-12,1.7952636800000001
2009-10-13,1.8283994200000002
2009-10-14,2.7962221
2009-10-15,2.54400351
2009-10-16,2.33995222
2009-10-19,2.3619406800000005
2009-10-20,3.10816272
2009-10-21,3.5019754900000004
2009-10-22,1.92677397
2009-10-23,1.7492888900000003
2009-10-26,3.0260251600000005
2009-10-27,2.6792899599999997
2009-10-28,3.63123344
2009-10-30,3.17821696
2009-11-02,2.8936874599999998
2009-11-03,2.5387409699999997
2009-11-04,1.90706627
2009-11-06,2.54046411
2009-11-09,3.0843566399999998
2009-11-10,4.23079706
2009-11-11,3.9015587700000003
2009-11-12,3.50372372
2009-11-13,1.7546426
2009-11-16,2.9647851800000002
2009-11-17,3.35576523
2009-11-18,4.09884775
2009-11-19,3.6531538699999997
2009-11-20,3.0024187099999997
2009-11-23,4.126016809999999
2009-11-25,4.13332629
2009-11-27,2.3690536700000004
2009-11-30,3.4614709500000003
2009-12-01,2.4426384199999998
2009-12-02,2.28435063
2009-12-03,2.7766384
2009-12-04,2.97255631
2009-12-07,2.3959691800000003
2009-12-08,3.64338966
2009-12-09,3.39291018
2009-12-10,2.37384144
2009-12-11,2.43683807
2009-12-14,3.31292786
2009-12-15,2.42666243
2009-12-16,2.81058235
2009-12-17,3.22462458
2009-12-18,4.0336527
2009-12-21,2.2879885100000004
2009-12-22,1.93847577
2009-12-23,2.02886008
2009-12-24,1.96905939
2009-12-28,3.45362337
2009-12-30,3.89211715
2009-12-31,2.7330964500000006
2010-01-05,2.55194373
2010-01-06,2.2732249600000003
2010-01-07,2.4284342
2010-01-08,1.78915032
2010-01-11,2.8561279400000004
2010-01-12,3.4800229500000004
2010-01-13,3.57038837
2010-01-14,3.10090778
2010-01-15,2.66329148
2010-01-19,2.3530672
2010-01-20,2.3269366899999997
2010-01-21,3.0012653
2010-01-22,2.25640172
2010-01-25,3.99589319
2010-01-26,3.4591114700000003
2010-01-27,3.29486259
2010-01-28,2.9707882399999996
2010-01-29,1.8427192399999999
2010-02-02,4.316654079999999
2010-02-03,3.80935302
2010-02-04,3.7445981900000005
2010-02-05,2.02381102
2010-02-08,2.23286751
2010-02-09,2.23980317
2010-02-10,1.89670369
2010-02-11,2.84199774
2010-02-12,3.29747298
2010-02-16,2.6102477800000004
2010-02-17,2.0915970600000002
2010-02-18,2.05400793
2010-02-19,2.61104426
2010-02-22,2.09079869
2010-02-23,1.7551668
2010-02-24,2.7675290699999997
2010-02-25,2.03709131
2010-02-26,1.4338125999999998
2010-03-01,2.44842932
2010-03-02,2.09845251
2010-03-03,1.7098472800000002
2010-03-04,2.64679165
2010-03-05,2.1600093800000004
2010-03-08,3.8514765100000004
2010-03-09,3.06887908
2010-03-10,2.69926024
2010-03-11,3.6584031
2010-03-12,3.2271681
2010-03-15,2.17561838
2010-03-16,2.9575744200000003
2010-03-17,2.2553319399999996
2010-03-18,1.89773742
2010-03-19,2.37225801
2010-03-22,2.68301286
2010-03-23,3.41714312
2010-03-24,2.57880096
2010-03-25,2.28091573
2010-03-26,2.13140988
2010-03-29,2.3133162100000004
2010-04-01,3.54064622
2010-04-05,2.37394151
2010-04-06,2.64217722
2010-04-07,2.66815303
2010-04-08,2.08570508
2010-04-09,1.9024462
2010-04-12,2.55827125
2010-04-13,3.13332103
2010-04-14,2.07556745
2010-04-15,2.00208013
2010-04-16,1.94649972
2010-04-19,1.7097497499999998
2010-04-20,3.41620187
2010-04-21,3.5129571700000004
2010-04-22,2.42069294
2010-04-23,1.58795273
2010-04-26,2.01025207
2010-04-27,2.05616836
2010-04-28,2.81828169
2010-04-29,2.4764357500000003
2010-04-30,3.25914433
2010-05-04,1.76400269
2010-05-05,2.30888757
2010-05-06,2.4402656300000003
2010-05-07,2.1108042300000003
2010-05-10,3.84367911
2010-05-11,2.3578144900000004
2010-05-12,1.7446333299999999
2010-05-13,2.55554731
2010-05-14,2.07926058
2010-05-17,2.17394204
2010-05-18,2.74312118
2010-05-19,2.2828203699999996
2010-05-20,3.4493011
2010-05-24,1.5810904700000001
2010-05-25,1.9103615400000002
2010-05-26,2.4216948
2010-05-27,3.23678585
2010-05-28,2.572371
2010-06-01,2.8511541300000003
2010-06-02,2.51365175
2010-06-03,2.16101731
2010-06-04,2.21626812
2010-06-07,2.2134731
2010-06-08,2.47474057
2010-06-09,1.86181276
2010-06-10,1.7468960999999998
2010-06-11,2.89563363
2010-06-14,2.06707404
2010-06-15,2.77254867
2010-06-16,1.71204763
2010-06-17,3.40509314
2010-06-18,1.65112165
2010-06-21,1.81427353
2010-06-22,2.51982465
2010-06-23,1.6781977600000002
2010-06-24,1.65337424
2010-06-25,1.6229041099999997
2010-06-28,2.02010844
2010-06-29,1.7565186899999998
2010-06-30,2.4695529499999997
2010-07-02,2.40622464
2010-07-06,2.32984515
2010-07-07,2.11450496
2010-07-08,2.17382668
2010-07-09,2.8074203
2010-07-12,1.73751214
2010-07-13,1.9097563599999998
2010-07-14,2.24377325
2010-07-15,1.75936855
2010-07-16,2.01350479
2010-07-19,1.7051445199999997
2010-07-20,2.26808415
2010-07-21,2.45081841
2010-07-22,3.0519412900000003
2010-07-23,1.80494544
2010-07-26,2.20152803
2010-07-27,2.50998547
2010-07-28,2.75803101
2010-07-29,1.7169991800000002
2010-08-02,2.05193378
2010-08-03,2.17811576
2010-08-04,2.68942446
2010-08-05,2.49334377
2010-08-06,1.68777264
2010-08-09,1.9737519
2010-08-10,1.9608398900000001
2010-08-11,2.24254406
2010-08-12,2.6884408300000002
2010-08-13,2.3164187899999997
2010-08-16,2.85098664
2010-08-17,2.87066408
2010-08-18,1.7552898300000002
2010-08-19,1.98256246
2010-08-20,3.3768008800000002
2010-08-23,2.7610585600000004
2010-08-24,2.38769623
2010-08-25,2.0794154799999998
2010-08-26,1.9114036699999999
2010-08-27,1.6085867900000002
2010-08-30,1.96857559
2010-08-31,2.6097924700000004
2010-09-02,2.68885605
2010-09-03,3.41084152
2010-09-07,2.23862398
2010-09-08,2.6856644100000002
2010-09-09,2.52908058
2010-09-10,3.15739808
2010-09-13,3.2461133999999996
2010-09-14,4.1516408700000005
2010-09-15,2.46520879
2010-09-16,2.9023129400000003
2010-09-17,3.29498154
2010-09-20,4.60302104
2010-09-21,2.0149124
2010-09-22,2.9206247
2010-09-23,2.4422413400000003
2010-09-24,2.25451995
2010-09-28,2.8329264400000005
2010-09-29,3.3565331699999996
2010-09-30,3.28197628
2010-10-01,3.13335726
2010-10-04,2.80502179
2010-10-05,2.0823468800000002
2010-10-06,1.63157305
2010-10-07,1.9991930900000001
2010-10-08,2.34101174
2010-10-11,1.7441329300000001
2010-10-12,1.99261647
2010-10-13,2.32344692
2010-10-15,2.0975195
2010-10-18,2.1995423899999995
2010-10-19,2.24938708
2010-10-20,3.35248338
2010-10-21,2.7297426099999997
2010-10-25,2.33737527
2010-10-26,1.79909136
2010-10-27,3.7140566799999997
2010-10-28,3.69181236
2010-10-29,1.93617333
2010-11-01,1.6069174399999997
2010-11-02,3.40104793
2010-11-03,3.24017939
2010-11-05,3.25948781
2010-11-08,4.03283624
2010-11-09,4.32794159
2010-11-10,2.2287409
2010-11-11,3.45610915
2010-11-12,2.28817955
2010-11-15,1.64604868
2010-11-16,3.6560856399999997
2010-11-17,3.2053978699999996
2010-11-18,3.25033865
2010-11-19,2.33809997
2010-11-22,2.8942648099999997
2010-11-23,2.15998294
2010-11-24,3.7980902299999997
2010-11-26,2.7407846199999994
2010-11-29,1.8328973
2010-11-30,1.91887978
2010-12-01,2.42821106
2010-12-02,2.07974485
2010-12-03,2.4564878300000004
2010-12-06,2.87765366
2010-12-07,2.79759466
2010-12-08,1.61375308
2010-12-09,1.62949972
2010-12-10,3.3036698299999996
2010-12-13,3.4611898499999993
2010-12-14,3.90668669
2010-12-15,3.9310661499999995
2010-12-16,2.09679195
2010-12-17,2.06258924
2010-12-20,2.56841686
2010-12-21,1.4831473800000001
2010-12-22,2.3869831
2010-12-23,3.3369052299999993
2010-12-27,1.82567415
2010-12-28,2.91038149
2010-12-29,3.8986607500000003
2010-12-30,4.48813255
2010-12-31,3.4799616999999996
2011-01-04,3.7081196100000002
2011-01-05,3.2043705300000003
2011-01-06,3.72494016
2011-01-07,2.62417852
2011-01-10,2.07144038
2011-01-11,2.93933431
2011-01-12,3.69638041
2011-01-14,2.58651066
2011-01-18,2.4529420799999997
2011-01-19,2.5365534199999997
2011-01-20,3.62018723
2011-01-21,2.9646396900000003
2011-01-24,3.05656541
2011-01-25,3.15480277
2011-01-27,2.31206925
2011-01-28,3.2782978500000004
2011-01-31,2.18600447
2011-02-02,3.06199755
2011-02-03,3.63417427
2011-02-04,2.1219609999999998
2011-02-07,3.0258021700000004
2011-02-08,2.937021
2011-02-10,2.47361018
2011-02-11,3.17220093
2011-02-14,2.4329330199999997
2011-02-15,1.93994584
2011-02-16,2.29950715
2011-02-17,2.4615997
2011-02-18,2.55377184
2011-02-22,1.9391490700000003
2011-02-23,1.57907714
2011-02-24,1.79767165
2011-02-25,3.41395877
2011-03-01,1.72355196
2011-03-02,2.33686013
2011-03-03,3.8672684499999996
2011-03-04,3.78852933
2011-03-07,4.159107710000001
2011-03-08,3.5018001099999996
2011-03-09,3.1662980000000003
2011-03-10,3.37901062
2011-03-11,3.1377160500000003
2011-03-14,2.3723426400000003
2011-03-15,2.07982267
2011-03-16,2.13918637
2011-03-18,2.9813615600000003
2011-03-21,3.21181421
2011-03-22,2.5897000199999995
2011-03-23,2.3175913200000005
2011-03-24,3.79678454
2011-03-25,3.02302973
2011-03-28,1.6061722900000002
2011-03-29,2.06011667
2011-03-30,2.2172143600000003
2011-04-01,3.53266188
2011-04-04,3.61002272
2011-04-05,2.22105635
2011-04-06,2.95468057
2011-04-07,2.95740327
2011-04-08,3.10379631
2011-04-12,2.1945257700000003
2011-04-13,2.7697341300000002
2011-04-14,3.4584161
2011-04-15,2.9085154199999996
2011-04-18,3.09445871
2011-04-19,4.24764529
2011-04-20,2.6262534499999997
2011-04-21,2.4349082
2011-04-25,3.02673858
2011-04-26,2.8848224599999996
2011-04-27,2.6797488499999997
2011-04-29,1.8271419900000003
2011-05-02,2.70537868
2011-05-03,3.51013634
2011-05-05,3.98448634
2011-05-06,3.63372316
2011-05-09,2.27774214
2011-05-10,2.08626912
2011-05-11,2.77998718
2011-05-12,3.69274124
2011-05-13,2.03368511
2011-05-16,3.62735157
2011-05-17,2.4675417700000004
2011-05-19,2.5488661200000005
2011-05-20,1.91956377
2011-05-24,1.6208250400000002
2011-05-25,1.43438983
2011-05-26,2.4506746799999997
2011-05-27,2.9640474199999995
2011-05-31,2.65861423
2011-06-02,2.87205557
2011-06-03,2.10264783
2011-06-06,2.76524976
2011-06-07,3.0223647700000003
2011-06-08,2.8229036499999998
2011-06-09,1.65523666
2011-06-10,1.96777406
2011-06-13,3.0743065200000004
2011-06-14,2.3702782100000004
2011-06-15,2.3702782100000004
2011-06-16,2.4573460999999996
2011-06-17,2.0210324999999996
2011-06-20,1.76600423
2011-06-21,2.5082732699999997
2011-06-23,3.0385715799999997
2011-06-24,1.9557206
2011-06-27,3.2695789900000003
2011-06-28,2.2503724099999998
2011-06-29,2.90540005
2011-07-01,1.79401354
2011-07-05,1.93798709
2011-07-06,3.2261500100000005
2011-07-07,3.13478672
2011-07-08,3.0143128800000003
2011-07-11,2.55296748
2011-07-12,2.1063943299999996
2011-07-13,2.6048258300000002
2011-07-14,3.2581613000000003
2011-07-18,1.95232513
2011-07-19,4.000175199999999
2011-07-20,3.16312776
2011-07-21,2.2972041400000003
2011-07-22,1.87496178
2011-07-25,2.70741599
2011-07-27,1.76391676
2011-07-28,1.73757675
2011-07-29,1.5678826099999998
2011-08-02,2.909126
2011-08-03,3.54089344
2011-08-04,3.92603786
2011-08-05,3.13528111
2011-08-08,1.80774686
2011-08-09,2.2710640999999994
2011-08-11,2.48271298
2011-08-12,4.3048451
2011-08-15,2.74879245
2011-08-16,2.9629861999999996
2011-08-17,2.04108689
2011-08-19,2.09753585
2011-08-22,2.37278496
2011-08-23,3.46802235
2011-08-24,2.8275248
2011-08-25,2.28863689
2011-08-26,2.5932065499999997
2011-08-29,2.61553813
2011-08-30,3.78252258
2011-08-31,3.88247054
2011-09-02,2.55741264
2011-09-06,2.21872532
2011-09-07,2.8945738800000003
2011-09-08,2.42181853
2011-09-09,3.287785
2011-09-13,2.47148234
2011-09-14,3.25512972
2011-09-15,2.67409227
2011-09-16,1.94040007
2011-09-19,1.81267967
2011-09-20,4.13965183
2011-09-22,4.645257900000001
2011-09-23,2.5560954999999996
2011-09-26,2.95984495
2011-09-27,3.2543971000000003
2011-09-28,3.69627723
2011-09-30,2.55938287
2011-10-03,2.67060609
2011-10-04,2.88025688
2011-10-05,3.7209052099999997
2011-10-06,3.4796702899999996
2011-10-07,3.5011699800000002
2011-10-10,2.14900993
2011-10-12,3.7928093300000003
2011-10-13,3.77909028
2011-10-14,3.25831764
2011-10-18,2.23950726
2011-10-19,1.7271330300000003
2011-10-20,2.0130958
2011-10-21,3.41180056
2011-10-25,2.09469432
2011-10-26,2.76681622
2011-10-27,3.1317958399999997
2011-10-28,1.7484582
2011-10-31,1.92326476
2011-11-02,2.73631687
2011-11-03,2.92165188
2011-11-04,1.46997869
2011-11-07,3.4697060100000003
2011-11-08,2.3204106500000004
2011-11-10,2.11643592
2011-11-11,2.7141622499999998
2011-11-14,2.03609346
2011-11-15,3.7952942299999997
2011-11-16,2.97036859
2011-11-17,2.9854451400000004
2011-11-18,3.3686004800000005
2011-11-21,3.3724519300000004
2011-11-22,4.211166260000001
2011-11-23,3.5600919600000003
2011-11-25,3.53640983
2011-11-28,2.95587862
2011-11-29,3.2359203200000004
2011-11-30,3.38628766
2011-12-01,3.61343285
2011-12-02,2.83112445
2011-12-05,2.9466734499999996
2011-12-06,2.2848295800000002
2011-12-07,3.8047530999999997
2011-12-08,2.15525006
2011-12-09,2.19235968
2011-12-12,3.6086664999999996
2011-12-13,4.60323097
2011-12-14,4.14745218
2011-12-15,3.06760767
2011-12-16,2.2014960200000004
2011-12-19,1.93815192
2011-12-20,2.01182836
2011-12-21,3.99360574
2011-12-22,4.0732976700000005
2011-12-27,2.45465479
2011-12-28,4.20281947
2011-12-29,2.95205543
2011-12-30,3.4562814
2012-01-03,2.5902630600000003
2012-01-04,3.4585797
2012-01-05,4.0209771199999995
2012-01-06,2.7948343600000003
2012-01-09,4.012297960000001
2012-01-10,3.84566709
2012-01-11,3.14616874
2012-01-12,3.4144964
2012-01-13,1.91387652
2012-01-17,2.3710917599999997
2012-01-18,3.78540077
2012-01-19,2.4991014000000003
2012-01-20,2.3640905200000004
2012-01-23,3.53776323
2012-01-24,2.6874510399999996
2012-01-25,2.30177724
2012-01-26,2.16052606
2012-01-30,3.22334869
2012-02-01,2.4688230499999997
2012-02-02,2.6137250100000005
2012-02-06,2.59555988
2012-02-07,3.4188054599999997
2012-02-08,2.74122383
2012-02-09,2.40841876
2012-02-10,2.8050591
2012-02-13,2.69020313
2012-02-14,2.74433758
2012-02-15,2.03043117
2012-02-16,3.42910802
2012-02-17,3.4724522700000002
2012-02-21,2.6860717299999997
2012-02-22,1.89117616
2012-02-23,1.9326365699999997
2012-02-24,1.7711217199999998
2012-02-27,2.09189156
2012-02-28,2.12051085
2012-02-29,2.2754723599999997
2012-03-01,3.0256228299999997
2012-03-02,2.2785457200000003
2012-03-05,2.4005375
2012-03-06,2.07179417
2012-03-07,2.21239005
2012-03-08,2.21162874
2012-03-09,2.0183613499999997
2012-03-12,2.01793448
2012-03-13,2.2638126
2012-03-15,1.7661405799999998
2012-03-16,2.2692781
2012-03-19,1.76123273
2012-03-20,2.76419058
2012-03-21,3.73057604
2012-03-22,1.48369713
2012-03-23,1.95676487
2012-03-26,3.3420058599999996
2012-03-27,1.9048183
2012-03-28,3.24864675
2012-03-29,3.4554799399999996
2012-03-30,2.26120982
2012-04-02,3.0553024200000003
2012-04-03,2.5459307499999997
2012-04-04,3.0114201300000003
2012-04-05,2.86099469
2012-04-09,2.19592911
2012-04-10,2.1699035700000002
2012-04-11,1.59312711
2012-04-12,1.86517265
2012-04-13,2.36229819
2012-04-16,2.10436051
2012-04-17,2.97792704
2012-04-18,2.56665426
2012-04-19,2.4615814599999997
2012-04-20,2.32267834
2012-04-23,1.81353871
2012-04-24,2.13062151
2012-04-25,2.12867957
2012-04-26,2.5234011900000004
2012-04-27,1.82914802
2012-04-30,2.69083652
2012-05-01,2.4397152999999996
2012-05-02,2.31413022
2012-05-03,3.62668797
2012-05-04,1.80087569
2012-05-07,2.66839243
2012-05-08,2.66592511
2012-05-09,2.9985617899999997
2012-05-10,3.83080743
2012-05-11,2.01624477
2012-05-14,2.0061821900000005
2012-05-15,2.0637993999999997
2012-05-16,2.7799405
2012-05-17,2.5096191599999997
2012-05-18,2.3153065099999997
2012-05-21,1.6706006199999999
2012-05-22,1.8960733099999998
2012-05-23,3.47428085
2012-05-24,3.1986678299999998
2012-05-25,1.84283669
2012-05-30,3.95712017
2012-05-31,3.7041437
2012-06-01,3.4192025700000004
2012-06-04,2.9391163799999998
2012-06-05,2.0572667100000004
2012-06-06,2.23704829
2012-06-07,3.61215201
2012-06-08,1.7590753
2012-06-11,3.04916187
2012-06-12,2.9613967599999995
2012-06-13,2.8089887
2012-06-14,2.2589922
2012-06-15,2.49985904
2012-06-18,2.6845155700000003
2012-06-19,2.5299844800000004
2012-06-20,2.88224686
2012-06-21,2.60531567
2012-06-22,3.22033693
2012-06-25,2.25281044
2012-06-26,2.14051899
2012-06-27,3.65411701
2012-06-28,3.4287167
2012-06-29,2.06693947
2012-07-03,2.753191
2012-07-05,2.0484214
2012-07-06,1.9092671400000003
2012-07-09,3.04907694
2012-07-10,2.4022826299999998
2012-07-11,1.9645053499999998
2012-07-12,2.51985132
2012-07-13,2.7410871400000003
2012-07-16,2.65360412
2012-07-17,2.3371847700000004
2012-07-18,2.9964485300000003
2012-07-19,2.71041474
2012-07-20,2.14702537
2012-07-23,1.9898545300000001
2012-07-24,2.05401805
2012-07-25,1.9769426499999998
2012-07-26,2.3574006
2012-07-27,1.61387676
2012-07-30,3.13890926
2012-07-31,2.29336436
2012-08-01,2.7036432
2012-08-02,2.21423833
2012-08-03,3.36076947
2012-08-06,1.9971631200000002
2012-08-07,2.37954471
2012-08-09,2.18358689
2012-08-10,1.9359082399999998
2012-08-13,2.3245168300000003
2012-08-14,3.1213625800000004
2012-08-15,2.38686166
2012-08-16,1.91666933
2012-08-17,2.17858064
2012-08-20,2.69640661
2012-08-21,2.46271068
2012-08-22,2.30466718
2012-08-23,1.7803555400000002
2012-08-24,1.62307378
2012-08-27,1.6279738699999997
2012-08-28,1.7096009199999997
2012-08-29,3.83208415
2012-08-30,2.5053383399999998
2012-08-31,3.39930727
2012-09-05,1.4106024199999998
2012-09-06,2.44757616
2012-09-07,2.58064794
2012-09-10,2.48694449
2012-09-11,1.89048706
2012-09-12,3.0919337100000006
2012-09-13,2.53970517
2012-09-14,2.25059496
2012-09-17,2.84318234
2012-09-18,2.68470205
2012-09-19,2.2659129499999997
2012-09-20,2.30782983
2012-09-21,2.5277593199999995
2012-09-24,2.62509181
2012-09-25,1.96015106
2012-09-26,1.46622634
2012-09-27,2.3182673099999995
2012-09-28,1.8637291700000003
2012-10-01,3.9844037
2012-10-02,3.72961914
2012-10-03,3.25982648
2012-10-04,2.86420065
2012-10-05,3.76360264
2012-10-08,2.9959509100000004
2012-10-09,1.66267439
2012-10-10,3.7542355800000005
2012-10-11,4.01293143
2012-10-12,2.16002266
2012-10-15,3.34724608
2012-10-16,1.81216021
2012-10-17,2.74154826
2012-10-19,1.7462061899999997
2012-10-22,2.37560752
2012-10-23,2.4994850499999997
2012-10-24,2.4005900199999997
2012-10-25,1.65208446
2012-10-26,1.61584466
2012-10-31,2.73715813
2012-11-02,3.24668385
2012-11-05,2.61638203
2012-11-06,1.6627802999999999
2012-11-07,2.29311138
2012-11-08,1.9430915199999998
2012-11-09,3.14637868
2012-11-12,3.4706800000000007
2012-11-13,3.52467049
2012-11-14,3.69390056
2012-11-15,4.37746261
2012-11-16,2.4220471999999997
2012-11-19,4.11537127
2012-11-20,3.61707306
2012-11-21,4.31613089
2012-11-23,3.7109489699999996
2012-11-26,1.68656228
2012-11-27,1.92946009
2012-11-28,3.14009163
2012-11-29,3.5486826000000002
2012-11-30,2.09556017
2012-12-04,2.78428948
2012-12-05,2.70619565
2012-12-06,2.2067140700000003
2012-12-07,1.7490179700000001
2012-12-10,3.95601478
2012-12-11,4.05898041
2012-12-12,2.88228066
2012-12-13,2.0697465399999997
2012-12-14,3.25874808
2012-12-17,1.9510383399999998
2012-12-18,2.10029768
2012-12-19,1.9142176800000001
2012-12-20,2.22080522
2012-12-21,3.27562503
2012-12-24,2.2753847
2012-12-26,2.7726457900000003
2012-12-27,2.30507035
2012-12-28,2.8606599100000003
2013-01-02,3.14095783
2013-01-03,2.16571044
2013-01-04,2.49025563
2013-01-07,3.7307872500000006
2013-01-08,2.72397608
2013-01-09,2.99081978
2013-01-10,2.6343520799999998
2013-01-11,1.6066690600000002
2013-01-14,1.71400134
2013-01-15,1.90695037
2013-01-16,3.10749073
2013-01-17,2.42361953
2013-01-18,3.5062042600000005
2013-01-22,2.34496488
2013-01-23,2.0640300099999997
2013-01-24,2.0042848699999998
2013-01-25,2.0061493599999998
2013-01-28,3.05182587
2013-01-30,1.7162164900000003
2013-01-31,3.4928701699999998
2013-02-01,1.78971941
2013-02-04,2.68547829
2013-02-06,3.39752378
2013-02-07,1.79741281
2013-02-08,1.83656201
2013-02-11,3.00362259
2013-02-12,3.01099962
2013-02-13,1.8642138999999998
2013-02-14,2.62490729
2013-02-15,1.8385274900000002
2013-02-19,1.97321564
2013-02-20,3.69279622
2013-02-21,3.2969455400000003
2013-02-22,2.10114879
2013-02-25,3.1499957
2013-02-26,2.25185924
2013-02-27,3.1986522
2013-02-28,2.19761109
2013-03-01,1.81336414
2013-03-04,3.34569934
2013-03-05,3.8949824900000003
2013-03-06,4.1419108399999995
2013-03-07,2.20857847
2013-03-08,1.9368320900000002
2013-03-11,1.9229789099999999
2013-03-12,2.8031972400000003
2013-03-13,3.3221102399999998
2013-03-14,3.11949278
2013-03-15,3.03552978
2013-03-18,2.21924901
2013-03-19,3.12764306
2013-03-21,2.78199542
2013-03-22,1.92917823
2013-03-25,3.4176654299999996
2013-03-26,1.5611398399999998
2013-03-27,1.75657886
2013-03-28,3.2319044000000003
2013-04-02,1.9327138799999999
2013-04-03,3.76585633
2013-04-04,2.21149054
2013-04-05,2.54054685
2013-04-08,1.8919937500000001
2013-04-09,2.61817711
2013-04-10,2.5994892
2013-04-11,2.7209009500000003
2013-04-12,3.14525237
2013-04-15,3.1125759900000003
2013-04-16,2.30890201
2013-04-17,1.86465251
2013-04-18,1.8723302
2013-04-19,1.9022748799999998
2013-04-22,1.8465986900000002
2013-04-23,2.30711463
2013-04-24,1.9120799
2013-04-25,2.19852489
2013-04-26,2.92813033
2013-04-29,2.27114226
2013-04-30,2.60692265
2013-05-01,2.15110988
2013-05-02,2.57241419
2013-05-03,2.38064469
2013-05-06,2.0196314500000003
2013-05-07,2.6054554000000003
2013-05-09,2.58859329
2013-05-10,2.5406998
2013-05-13,2.05376939
2013-05-14,2.31229838
2013-05-15,2.3762305999999995
2013-05-16,2.62629929
2013-05-17,1.9267631399999996
2013-05-20,2.14114525
2013-05-21,2.15397721
2013-05-22,1.8678050499999999
2013-05-23,2.16260581
2013-05-24,2.33932195
2013-05-28,2.33267465
2013-05-29,2.22335618
2013-05-30,3.53079464
2013-06-03,2.2738271
2013-06-04,2.07999728
2013-06-05,2.37655546
2013-06-06,2.80308001
2013-06-07,2.241806
2013-06-10,3.2466785099999997
2013-06-11,2.85506783
2013-06-12,2.59492352
2013-06-13,2.78332302
2013-06-14,2.12398108
2013-06-17,2.12049093
2013-06-18,2.53278218
2013-06-19,3.38873642
2013-06-20,2.35169949
2013-06-21,1.7563487800000002
2013-06-24,3.67953758
2013-06-25,2.4430574000000003
2013-06-26,3.0622961
2013-06-27,1.74311708
2013-06-28,3.08018188
2013-07-01,2.08961308
2013-07-02,1.6653362200000001
2013-07-03,2.3370925199999997
2013-07-05,3.089948809999999
2013-07-08,1.72165866
2013-07-09,3.1808850399999997
2013-07-10,2.72955636
2013-07-11,2.72354113
2013-07-12,2.75061562
2013-07-15,1.6479995399999998
2013-07-16,3.16446513
2013-07-17,3.77437235
2013-07-18,3.1966771000000005
2013-07-19,1.91249761
2013-07-22,2.63854147
2013-07-23,3.04745985
2013-07-24,3.27019949
2013-07-25,2.51084194
2013-07-26,2.68574937
2013-07-29,2.11924615
2013-07-30,2.37344724
2013-08-01,2.7060831800000003
2013-08-02,2.1897184000000003
2013-08-05,2.0299576900000003
2013-08-06,2.48196995
2013-08-07,1.54044813
2013-08-08,2.57094696
2013-08-09,2.6616584999999997
2013-08-12,1.87385138
2013-08-13,2.64081012
2013-08-14,2.3928110200000003
2013-08-15,3.85548234
2013-08-16,3.67214039
2013-08-19,2.10765445
2013-08-20,1.7789687
2013-08-21,1.90885094
2013-08-22,2.55346813
2013-08-23,2.6643136199999997
2013-08-26,2.23187445
2013-08-27,2.39269901
2013-08-28,2.2185763
2013-08-29,3.3004361700000002
2013-08-30,2.41973096
2013-09-04,3.06896784
2013-09-05,2.53723487
2013-09-06,2.14347443
2013-09-09,2.5253583
2013-09-10,3.0812634599999997
2013-09-11,1.4442322399999998
2013-09-12,2.88910102
2013-09-13,3.3675072100000003
2013-09-16,3.4215229
2013-09-17,3.07946572
2013-09-18,3.1421881400000005
2013-09-19,3.9829916699999997
2013-09-20,2.28083437
2013-09-23,1.6862044299999999
2013-09-24,2.57922361
2013-09-25,4.28032738
2013-09-26,3.4627118799999996
2013-09-27,3.91017369
2013-09-30,2.9521984100000003
2013-10-02,3.9323955199999996
2013-10-03,3.18607794
2013-10-04,2.39962786
2013-10-07,3.03161112
2013-10-08,2.61226525
2013-10-09,2.3164117699999998
2013-10-10,3.73129207
2013-10-11,4.09897295
2013-10-14,3.17083453
2013-10-15,2.6156824500000004
2013-10-16,3.2894222099999997
2013-10-17,3.07623813
2013-10-21,2.5357475000000003
2013-10-22,3.0783203
2013-10-23,1.76668413
2013-10-24,2.11259831
2013-10-25,3.86240563
2013-10-28,2.3298839499999997
2013-10-29,1.7656758
2013-10-30,3.3447604
2013-10-31,3.7115321199999998
2013-11-01,3.48619921
2013-11-04,2.21968976
2013-11-05,2.0729645
2013-11-06,3.21399065
2013-11-07,3.59669434
2013-11-08,2.50820408
2013-11-11,2.52711181
2013-11-12,2.5992714599999998
2013-11-13,3.34492952
2013-11-14,2.71176699
2013-11-15,3.7180969800000003
2013-11-18,3.1861551300000004
2013-11-19,3.9072508900000003
2013-11-20,3.3263745499999997
2013-11-21,3.41645856
2013-11-22,3.0058881
2013-11-25,3.4985778199999995
2013-11-26,4.00973297
2013-11-27,3.53765777
2013-11-29,3.65683099
2013-12-03,2.79521745
2013-12-04,2.83612183
2013-12-05,3.36478364
2013-12-06,4.00295922
2013-12-10,4.41452902
2013-12-11,4.35636641
2013-12-12,2.05588035
2013-12-13,1.7104674899999999
2013-12-16,2.8784788399999996
2013-12-17,2.87748943
2013-12-18,2.15277239
2013-12-19,2.15277239
2013-12-20,1.41347665
2013-12-23,1.95208783
2013-12-24,2.6458365600000002
2013-12-26,2.9548827099999997
2013-12-30,3.3856013600000003
2013-12-31,3.2010108600000002
2014-01-03,2.96258719
2014-01-06,2.94541954
2014-01-07,2.0738020799999997
2014-01-08,3.02997643
2014-01-09,3.5121475099999997
2014-01-10,3.12653801
2014-01-13,1.9924022000000001
2014-01-14,2.54101526
2014-01-15,1.9088171799999998
2014-01-16,2.32702685
2014-01-17,1.85661545
2014-01-21,3.34895436
2014-01-22,4.079713480000001
2014-01-23,2.17772947
2014-01-24,2.28472295
2014-01-27,1.8378920699999997
2014-01-28,2.07616938
2014-01-30,3.0762582800000002
2014-01-31,3.4937015
2014-02-04,2.41494644
2014-02-05,1.72391344
2014-02-06,2.9367126799999994
2014-02-07,1.8077576800000001
2014-02-10,1.40434644
2014-02-11,2.02506522
2014-02-12,2.1905787199999995
2014-02-13,1.47323084
2014-02-14,1.9746094099999998
2014-02-18,4.24852999
2014-02-19,4.59602147
2014-02-20,3.8832492
2014-02-21,3.7878860999999997
2014-02-24,2.2221792299999996
2014-02-25,1.6218535799999996
2014-02-26,3.0623287599999998
2014-02-27,2.60717428
2014-02-28,2.2943680800000004
2014-03-04,3.37811754
2014-03-05,2.41124019
2014-03-06,1.80023263
2014-03-07,2.5629710899999996
2014-03-10,4.48480539
2014-03-11,2.5887918200000004
2014-03-12,3.39874569
2014-03-13,3.0895927100000002
2014-03-17,3.47815426
2014-03-18,2.98478621
2014-03-19,3.2978364300000003
2014-03-20,3.5421620799999998
2014-03-21,3.5329737999999997
2014-03-25,2.12940154
2014-03-26,3.1310144899999997
2014-03-27,2.68912426
2014-03-28,2.8468020499999995
2014-03-31,4.4705907400000005
2014-04-02,2.39819074
2014-04-03,3.46345127
2014-04-04,3.1049908599999996
2014-04-07,1.9477397200000002
2014-04-08,2.08132806
2014-04-09,1.87683231
2014-04-10,3.85867309
2014-04-11,1.9215062
2014-04-14,3.43418684
2014-04-15,3.44217578
2014-04-16,2.99216969
2014-04-17,3.04251526
2014-04-21,2.76494833
2014-04-22,2.70006504
2014-04-23,2.1460557000000002
2014-04-24,2.90639598
2014-04-25,2.3217266999999997
2014-04-28,2.1313978500000004
2014-04-29,2.07233809
2014-04-30,1.99837711
2014-05-01,2.84283584
2014-05-02,2.6418346999999995
2014-05-05,1.7611386600000003
2014-05-06,2.36345228
2014-05-07,2.85168965
2014-05-08,2.73277732
2014-05-09,2.69794149
2014-05-12,2.0348279099999997
2014-05-13,3.10737114
2014-05-14,3.18285792
2014-05-15,3.56925658
2014-05-16,2.12717857
2014-05-19,3.70476137
2014-05-20,3.77504565
2014-05-21,4.085896999999999
2014-05-22,2.91013868
2014-05-23,3.13650175
2014-05-27,2.45013358
2014-05-28,3.5861677399999996
2014-05-29,2.06684141
2014-05-30,3.5503912699999995
2014-06-02,3.3952257599999998
2014-06-03,3.2642911000000003
2014-06-04,2.72008938
2014-06-05,2.98925653
2014-06-06,2.8519446199999994
2014-06-09,2.57584658
2014-06-11,2.51588865
2014-06-12,3.3339627
2014-06-13,3.0109775500000002
2014-06-17,1.51996059
2014-06-18,1.60324701
2014-06-19,1.8181948700000001
2014-06-20,3.4898177200000005
2014-06-23,2.4595097900000003
2014-06-24,3.46528935
2014-06-25,1.9440480500000001
2014-06-26,2.57660712
2014-06-27,2.4904078600000004
2014-06-30,2.82007285
2014-07-01,2.48419271
2014-07-02,3.8409006800000003
2014-07-03,3.91732753
2014-07-07,1.8253237999999998
2014-07-08,3.2456565299999998
2014-07-09,3.51925089
2014-07-10,2.31260857
2014-07-11,2.05782806
2014-07-14,2.81678908
2014-07-15,3.50018916
2014-07-16,2.5190281399999996
2014-07-17,2.40560811
2014-07-18,2.1585434099999996
2014-07-21,3.05921692
2014-07-22,2.14198721
2014-07-23,2.10407521
2014-07-24,3.18638495
2014-07-25,3.29735738
2014-07-28,3.15878072
2014-07-29,2.82392865
2014-07-31,3.3081998199999996
2014-08-01,1.9324305800000001
2014-08-04,3.44496219
2014-08-06,3.37116381
2014-08-07,3.3093714500000004
2014-08-08,2.48335751
2014-08-11,2.88230904
2014-08-12,2.01795292
2014-08-13,2.48479561
2014-08-14,2.55512023
2014-08-15,2.06466996
2014-08-18,3.31774187
2014-08-19,2.22834281
2014-08-20,3.4492558000000004
2014-08-21,3.27772873
2014-08-22,2.3416302600000005
2014-08-25,2.0838086600000003
2014-08-26,3.3769634699999997
2014-08-27,1.70914572
2014-08-28,2.4400843400000003
2014-09-02,2.55890544
2014-09-03,1.9878270100000002
2014-09-04,2.5739660300000002
2014-09-05,2.6732575799999996
2014-09-08,2.54441262
2014-09-09,3.34800524
2014-09-10,3.39664666
2014-09-11,2.8139919700000005
2014-09-12,1.9276100399999998
2014-09-15,3.18365764
2014-09-16,2.08891577
2014-09-17,3.0358280499999997
2014-09-18,3.80650961
2014-09-22,2.6868868700000004
2014-09-23,2.3392146800000004
2014-09-25,2.09601198
2014-09-26,2.24234526
2014-09-29,1.7536037000000002
2014-09-30,2.90940476
2014-10-01,2.0254344399999997
2014-10-02,2.97445743
2014-10-03,3.18217637
2014-10-07,2.57835758
2014-10-08,2.4393876700000003
2014-10-09,1.7637287499999998
2014-10-10,1.9254218000000003
2014-10-13,2.1234544800000004
2014-10-14,1.9397555100000001
2014-10-15,2.94330939
2014-10-16,2.51161669
2014-10-17,3.36218041
2014-10-20,2.55213504
2014-10-21,3.43858556
2014-10-22,3.7973257900000004
2014-10-23,3.41789464
2014-10-24,1.92893751
2014-10-27,1.8995851199999998
2014-10-28,4.23508715
2014-10-30,3.00859378
2014-10-31,3.23837143
2014-11-03,3.25435142
2014-11-04,1.75203663
2014-11-05,1.36277559
2014-11-06,2.4729370900000003
2014-11-07,3.8337444400000003
2014-11-10,2.85099794
2014-11-11,2.88380023
2014-11-12,3.1600163599999997
2014-11-13,3.17121222
2014-11-14,3.3320362200000004
2014-11-17,3.76339355
2014-11-18,3.54560093
2014-11-19,3.3671008799999997
2014-11-20,2.7048312300000004
2014-11-21,2.90138148
2014-11-24,2.01694871
2014-11-25,3.36863958
2014-11-26,3.73806858
2014-12-01,3.24586402
2014-12-02,2.41592904
2014-12-03,3.185613
2014-12-04,2.26450975
2014-12-05,1.65895139
2014-12-08,1.6180827100000001
2014-12-09,2.06317752
2014-12-10,2.30796567
2014-12-11,3.24191493
2014-12-12,4.1588955499999996
2014-12-15,2.7847877399999996
2014-12-16,2.05455737
2014-12-17,2.15661944
2014-12-18,3.3005683
2014-12-19,1.9533275599999997
2014-12-22,3.7620167099999997
2014-12-23,2.52504717
2014-12-24,3.55529884
2014-12-26,3.8679565
2014-12-29,2.96425402
2014-12-30,2.6773060600000003
2015-01-02,3.3239057699999996
2015-01-05,3.27019565
2015-01-06,1.82545879
2015-01-07,3.24083499
2015-01-08,2.3582499
2015-01-09,3.28582512
2015-01-12,2.48696132
2015-01-13,3.8967022499999997
2015-01-14,3.36274694
2015-01-15,3.10116069
2015-01-16,2.06007624
2015-01-20,2.83220903
2015-01-21,2.06945694
2015-01-22,3.12269479
2015-01-23,3.54672156
2015-01-26,1.8097678799999999
2015-01-27,1.8687353899999999
2015-01-28,2.9195455699999995
2015-01-29,1.75684122
2015-01-30,2.24426155
2015-02-02,2.76180845
2015-02-03,2.17991605
2015-02-04,3.81320073
2015-02-05,3.81320073
2015-02-06,2.71447909
2015-02-09,2.6942945099999998
2015-02-10,2.5845967300000003
2015-02-11,3.7085901999999997
2015-02-12,2.46777121
2015-02-13,1.98345724
2015-02-17,2.82855525
2015-02-18,2.72666767
2015-02-19,1.85342613
2015-02-20,2.7557773799999996
2015-02-23,2.91309612
2015-02-24,3.11405185
2015-02-26,2.12534548
2015-02-27,3.38470522
2015-03-02,2.08162151
2015-03-03,2.83447788
2015-03-04,3.30672078
2015-03-05,3.30672078
2015-03-06,2.9861679199999998
2015-03-09,3.05338964
2015-03-10,3.0286514799999997
2015-03-11,2.3674690700000003
2015-03-12,3.02300993
2015-03-13,2.11641917
2015-03-16,2.27036201
2015-03-17,1.6250045899999999
2015-03-18,2.40709319
2015-03-19,3.3233468200000003
2015-03-20,2.47723356
2015-03-23,2.54890538
2015-03-24,3.79240295
2015-03-25,3.05412076
2015-03-26,2.67004396
2015-03-27,2.1986697499999996
2015-03-30,3.17723189
2015-04-01,3.0963247199999997
2015-04-02,3.1207359200000004
2015-04-06,1.9976174
2015-04-08,2.38541656
2015-04-09,2.95738597
2015-04-10,2.33681501
2015-04-13,2.72046534
2015-04-14,3.11939357
2015-04-15,2.9592752399999998
2015-04-16,2.4024127099999997
2015-04-17,1.9288506200000002
2015-04-20,3.1075925800000004
2015-04-21,2.1082065300000004
2015-04-22,3.1851468499999998
2015-04-23,3.1851468499999998
2015-04-24,2.63184488
2015-04-27,2.10988098
2015-04-28,3.0847896000000006
2015-04-29,2.08926107
2015-04-30,1.77663756
2015-05-01,2.16770846
2015-05-04,3.2517481000000004
2015-05-05,3.65171129
2015-05-07,3.72852915
2015-05-08,3.94964149
2015-05-11,2.6243505700000003
2015-05-12,3.4987055300000005
2015-05-13,3.3388826299999996
2015-05-14,3.71386499
2015-05-15,2.78775115
2015-05-18,1.6559035699999998
2015-05-19,1.8716201199999998
2015-05-20,3.0811934700000005
2015-05-21,2.69689575
2015-05-22,2.50872591
2015-05-26,3.5981816600000003
2015-05-27,3.2355868
2015-05-28,2.41909776
2015-05-29,2.7612382799999997
2015-06-01,2.93826475
2015-06-02,1.79666558
2015-06-03,3.14170242
2015-06-04,2.9643559699999997
2015-06-05,2.76021773
2015-06-08,3.1395045999999995
2015-06-09,3.14167432
2015-06-10,2.5373442799999997
2015-06-11,3.4754152000000005
2015-06-12,3.6409669300000003
2015-06-15,3.0283367500000002
2015-06-17,2.22863626
2015-06-18,2.0514181000000002
2015-06-19,2.2296543900000003
2015-06-22,2.01122175
2015-06-23,2.1354843199999998
2015-06-24,1.96357553
2015-06-25,2.2748822200000003
2015-06-26,3.0268378599999997
2015-06-29,2.4276474300000004
2015-06-30,3.14427295
2015-07-01,2.0147201299999997
2015-07-02,2.1234470099999996
2015-07-06,2.38472492
2015-07-07,2.3401599899999996
2015-07-08,2.68452764
2015-07-09,2.56982802
2015-07-10,1.56196326
2015-07-13,2.27145189
2015-07-14,2.82535141
2015-07-15,2.5895104699999996
2015-07-16,3.03566412
2015-07-17,3.3587826199999995
2015-07-20,2.01182834
2015-07-21,1.76540343
2015-07-22,2.23971911
2015-07-23,3.53592338
2015-07-24,2.60359038
2015-07-27,3.3400427300000004
2015-07-28,2.42764173
2015-07-29,2.58156391
2015-07-30,2.30932047
2015-08-03,3.16042994
2015-08-04,2.6733586099999997
2015-08-05,2.64532424
2015-08-06,2.53818811
2015-08-07,1.7979063300000002
2015-08-10,3.14971773
2015-08-11,2.1823650199999998
2015-08-12,1.5128916800000003
2015-08-13,1.7247765199999998
2015-08-14,2.77071901
2015-08-17,3.58936677
2015-08-18,2.2033647
2015-08-19,3.4694387000000004
2015-08-20,2.02685235
2015-08-21,2.6156998600000003
2015-08-24,1.98968255
2015-08-25,2.37238347
2015-08-26,2.8894312699999998
2015-08-27,1.72487115
2015-08-28,1.7432194400000003
2015-08-31,2.81258039
2015-09-01,2.64485577
2015-09-02,2.58310191
2015-09-03,1.8460825
2015-09-04,3.3606643399999996
2015-09-08,4.12369546
2015-09-09,3.6769015300000003
2015-09-10,3.37731152
2015-09-11,2.93530613
2015-09-14,2.96912909
2015-09-15,3.72438369
2015-09-16,3.29854771
2015-09-17,3.1537459400000003
2015-09-18,1.46991477
2015-09-21,2.6944150899999997
2015-09-22,2.8222189
2015-09-24,3.5715933699999995
2015-09-25,2.24053777
2015-09-28,2.62044713
2015-09-29,2.81308236
2015-10-01,2.31997455
2015-10-02,2.04232724
2015-10-05,4.03866468
2015-10-06,2.4709288
2015-10-07,1.8127633699999999
2015-10-08,2.11075289
2015-10-09,2.3822496899999996
2015-10-12,1.86752557
2015-10-13,2.55782524
2015-10-14,3.8496203
2015-10-15,3.50062387
2015-10-16,3.6436952700000003
2015-10-20,2.8278605399999996
2015-10-21,2.43265344
2015-10-22,1.9997561000000004
2015-10-23,2.01644918
2015-10-26,2.22904961
2015-10-27,2.78946075
2015-10-28,2.24639735
2015-10-29,4.10598775
2015-10-30,3.74679259
2015-11-02,2.6610818100000007
2015-11-03,3.37158391
2015-11-04,2.4129583099999996
2015-11-05,2.6503419299999997
2015-11-06,2.54834155
2015-11-09,1.66925396
2015-11-10,3.02059283
2015-11-11,4.06554662
2015-11-12,3.65262566
2015-11-13,2.68060017
2015-11-16,2.31194532
2015-11-17,3.11769218
2015-11-18,3.41863596
2015-11-19,2.16085996
2015-11-20,2.28253516
2015-11-23,1.40326455
2015-11-24,3.12130932
2015-11-25,3.71540829
2015-11-27,2.25510446
2015-11-30,2.2981411
2015-12-01,2.8846103800000003
2015-12-02,2.75791255
2015-12-03,2.3500582999999997
2015-12-04,2.16695818
2015-12-07,4.160658489999999
2015-12-08,4.08643363
2015-12-09,3.21731738
2015-12-10,2.4064382699999998
2015-12-11,2.83518858
2015-12-14,2.8383439
2015-12-15,2.7522349
2015-12-16,3.62301129
2015-12-17,2.2653393299999998
2015-12-18,2.0119518299999997
2015-12-21,2.74429862
2015-12-22,2.36345962
2015-12-23,2.51437737
2015-12-24,2.9017615
2015-12-28,2.6662006600000003
2015-12-29,2.9135055100000002
2015-12-30,2.60491953
2016-01-04,3.6432336899999997
2016-01-05,2.41864546
2016-01-06,2.2878361799999998
2016-01-07,3.40695516
2016-01-08,3.4643745800000003
2016-01-11,2.84819864
2016-01-12,2.98638124
2016-01-13,3.46487576
2016-01-14,3.70497015
2016-01-15,3.94415097
2016-01-19,3.6226372199999997
2016-01-20,4.28118988
2016-01-21,4.69093817
2016-01-22,2.98298626
2016-01-25,2.24835466
2016-01-26,2.07017902
2016-01-27,2.91168049
2016-01-28,3.32614493
2016-01-29,2.03771625
2016-02-01,3.59109999
2016-02-03,2.96263756
2016-02-04,2.11938063
2016-02-05,3.95498598
2016-02-09,2.9173017199999998
2016-02-10,3.01998779
2016-02-11,2.95078753
2016-02-12,2.39404254
2016-02-16,2.05511509
2016-02-17,2.4855074600000004
2016-02-18,1.78113488
2016-02-19,2.4801620700000004
2016-02-22,2.3796211099999995
2016-02-23,1.9618393100000002
2016-02-24,2.05566341
2016-02-25,2.1960330700000004
2016-02-26,2.45799204
2016-02-29,2.5787066899999997
2016-03-01,2.19169644
2016-03-02,1.91912273
2016-03-03,2.28626661
2016-03-04,1.7677048599999998
2016-03-07,1.7085109600000001
2016-03-08,1.51836701
2016-03-09,2.3611672
2016-03-11,1.9558946700000002
2016-03-14,2.64397424
2016-03-15,3.25839753
2016-03-16,2.9801974099999997
2016-03-17,2.31859563
2016-03-18,2.39319863
2016-03-21,2.09545489
2016-03-22,2.64914745
2016-03-23,2.5940024800000003
2016-03-24,2.52508241
2016-03-28,3.5125486400000003
2016-03-29,2.55801516
2016-03-30,2.2674510700000003
2016-03-31,2.07718731
2016-04-01,1.98224245
2016-04-04,2.67994989
2016-04-06,2.42995946
2016-04-07,2.80613183
2016-04-08,2.00186228
2016-04-11,2.44087376
2016-04-12,3.85941126
2016-04-13,4.33198069
2016-04-14,1.97375973
2016-04-15,1.97343886
2016-04-18,3.02381327
2016-04-19,3.4601266699999997
2016-04-20,3.6197248699999998
2016-04-21,1.69675699
2016-04-22,2.5621088600000004
2016-04-25,2.50512187
2016-04-26,1.9715387199999999
2016-04-27,1.6696951800000002
2016-04-28,2.05687944
2016-04-29,2.24316154
2016-05-02,2.2036728099999996
2016-05-03,3.17846538
2016-05-04,2.4004860199999998
2016-05-05,2.43021803
2016-05-06,2.65991512
2016-05-09,2.22541535
2016-05-10,2.01194232
2016-05-11,3.47597879
2016-05-12,3.0153086399999998
2016-05-13,3.18667094
2016-05-16,2.5200886300000005
2016-05-17,3.54594011
2016-05-18,2.11095442
2016-05-19,2.56906405
2016-05-20,3.1868266500000004
2016-05-23,3.06208409
2016-05-24,3.4793011
2016-05-25,3.05027974
2016-05-26,2.36931906
2016-05-27,2.2179261500000003
2016-05-31,2.71099636
2016-06-01,3.22093478
2016-06-02,2.1323163899999997
2016-06-03,2.9370159100000004
2016-06-06,3.88038445
2016-06-08,2.16367014
2016-06-09,2.01695932
2016-06-10,3.26049316
2016-06-13,2.93574255
2016-06-14,2.2156262699999996
2016-06-15,3.54671523
2016-06-16,3.6342054100000003
2016-06-17,2.4450311
2016-06-20,2.57188098
2016-06-21,2.36974115
2016-06-22,3.42231254
2016-06-23,1.7425854899999997
2016-06-24,3.66610332
2016-06-27,3.27635218
2016-06-28,3.27635218
2016-06-29,2.8195331599999998
2016-06-30,2.84972136
2016-07-05,2.36523833
2016-07-06,2.68553831
2016-07-07,2.44108272
2016-07-08,2.5388629999999996
2016-07-11,2.62934707
2016-07-12,3.08998855
2016-07-13,2.85232025
2016-07-14,2.13687692
2016-07-15,2.01799663
2016-07-18,3.0269796700000002
2016-07-19,3.37342535
2016-07-20,3.6579306000000003
2016-07-21,2.91656493
2016-07-22,3.2695670100000003
2016-07-25,2.84395262
2016-07-26,2.71483514
2016-07-27,2.93209008
2016-07-28,3.17831042
2016-07-29,2.0291232
2016-08-01,3.4640968400000003
2016-08-02,3.16934305
2016-08-04,1.8215891499999999
2016-08-08,2.5509697499999997
2016-08-09,1.6084788700000001
2016-08-10,3.2881613400000003
2016-08-11,3.3649628
2016-08-12,2.54414772
2016-08-16,2.4628234000000004
2016-08-17,2.2986405199999997
2016-08-18,3.7607210799999997
2016-08-19,1.8001323099999997
2016-08-22,2.91479538
2016-08-23,2.9311155700000002
2016-08-24,2.65417631
2016-08-25,3.00032819
2016-08-26,2.84316014
2016-09-02,1.7244179099999999
2016-09-06,2.28838382
2016-09-08,2.36740567
2016-09-09,2.33921747
2016-09-12,1.8577271000000002
2016-09-13,3.24340071
2016-09-14,2.0376532700000003
2016-09-15,2.21859523
2016-09-16,1.88684865
2016-09-19,2.03407957
2016-09-21,2.0249732
2016-09-22,2.79223608
2016-09-23,2.2154465599999997
2016-09-27,1.92161814
2016-10-03,2.63887859
2016-10-04,2.7062608900000003
2016-10-05,2.02636532
2016-10-06,1.55653793
2016-10-07,3.06273147
2016-10-10,2.40244422
2016-10-11,3.3191708699999998
2016-10-12,1.63447228
2016-10-13,2.47674853
2016-10-14,2.9020341199999997
2016-10-17,2.82307641
2016-10-19,2.97323966
2016-10-20,3.4757341999999998
2016-10-24,2.50800354
2016-10-25,2.47511168
2016-10-26,2.20465012
2016-10-27,3.18233366
2016-11-01,2.95838188
2016-11-02,3.0054715599999997
2016-11-03,3.05578328
2016-11-04,1.7006584
2016-11-08,4.3364376700000005
2016-11-09,2.5060932300000003
2016-11-10,3.28860714
2016-11-11,3.0696437499999996
2016-11-14,3.1046163900000003
2016-11-15,2.23202773
2016-11-16,3.48018693
2016-11-17,3.53420495
2016-11-18,2.97284295
2016-11-21,2.8750267199999997
2016-11-22,1.8675815500000001
2016-11-25,1.3560534300000002
